1.000000000000000000e+00,5.732527628638121042e-01,0.000000000000000000e+00,0.000000000000000000e+00,0.000000000000000000e+00,1.084588903226694073e-01,0.000000000000000000e+00,0.000000000000000000e+00,0.000000000000000000e+00,0.000000000000000000e+00,0.000000000000000000e+00,0.000000000000000000e+00,1.466844232135424732e-02,0.000000000000000000e+00,1.441099127758361381e-02,0.000000000000000000e+00,0.000000000000000000e+00,0.000000000000000000e+00,0.000000000000000000e+00,2.668415807685432517e-01
4.479856565982262562e-02,8.762765894308618964e-02,0.000000000000000000e+00,0.000000000000000000e+00,7.805063923932595467e-03,0.000000000000000000e+00,0.000000000000000000e+00,0.000000000000000000e+00,0.000000000000000000e+00,0.000000000000000000e+00,0.000000000000000000e+00,6.483175128080033434e-02,0.000000000000000000e+00,0.000000000000000000e+00,1.139395063267779722e-02,1.076098746280172540e-02,2.071028429608138821e-01,3.610944840622659635e-02,0.000000000000000000e+00,0.000000000000000000e+00
1.418988975132295105e-01,1.276514805734229596e-01,0.000000000000000000e+00,1.470647491776705118e-01,0.000000000000000000e+00,0.000000000000000000e+00,0.000000000000000000e+00,0.000000000000000000e+00,0.000000000000000000e+00,2.498328134560547920e-01,0.000000000000000000e+00,0.000000000000000000e+00,0.000000000000000000e+00,0.000000000000000000e+00,2.270015037661832491e-01,0.000000000000000000e+00,0.000000000000000000e+00,9.978846982123203493e-03,2.254691587032997199e-02,0.000000000000000000e+00
0.000000000000000000e+00,0.000000000000000000e+00,0.000000000000000000e+00,0.000000000000000000e+00,1.195142185306210525e-01,0.000000000000000000e+00,0.000000000000000000e+00,0.000000000000000000e+00,9.773365460794516957e-02,0.000000000000000000e+00,1.145429444874343679e-02,0.000000000000000000e+00,0.000000000000000000e+00,0.000000000000000000e+00,0.000000000000000000e+00,5.447338865837551836e-02,0.000000000000000000e+00,0.000000000000000000e+00,0.000000000000000000e+00,0.000000000000000000e+00
0.000000000000000000e+00,7.652637928452434013e-02,0.000000000000000000e+00,0.000000000000000000e+00,0.000000000000000000e+00,0.000000000000000000e+00,9.093961456600721874e-03,0.000000000000000000e+00,0.000000000000000000e+00,8.193185884597178337e-01,0.000000000000000000e+00,0.000000000000000000e+00,0.000000000000000000e+00,0.000000000000000000e+00,0.000000000000000000e+00,0.000000000000000000e+00,5.603039314035669627e-02,0.000000000000000000e+00,0.000000000000000000e+00,0.000000000000000000e+00
0.000000000000000000e+00,0.000000000000000000e+00,0.000000000000000000e+00,0.000000000000000000e+00,4.893108191789109496e-01,1.219336231572996643e-01,1.717373938015679113e-01,0.000000000000000000e+00,0.000000000000000000e+00,0.000000000000000000e+00,2.908755019885759033e-02,0.000000000000000000e+00,0.000000000000000000e+00,3.632746585057948230e-01,9.140612245011381365e-02,2.680691115096440758e-01,0.000000000000000000e+00,0.000000000000000000e+00,0.000000000000000000e+00,2.858284536889397764e-01
3.031496006690868050e-01,0.000000000000000000e+00,0.000000000000000000e+00,0.000000000000000000e+00,0.000000000000000000e+00,0.000000000000000000e+00,9.740219047337217440e-02,0.000000000000000000e+00,0.000000000000000000e+00,0.000000000000000000e+00,0.000000000000000000e+00,0.000000000000000000e+00,0.000000000000000000e+00,0.000000000000000000e+00,0.000000000000000000e+00,0.000000000000000000e+00,0.000000000000000000e+00,0.000000000000000000e+00,0.000000000000000000e+00,0.000000000000000000e+00
0.000000000000000000e+00,0.000000000000000000e+00,0.000000000000000000e+00,9.249256728134046257e-02,0.000000000000000000e+00,2.853060488557161364e-02,0.000000000000000000e+00,0.000000000000000000e+00,0.000000000000000000e+00,0.000000000000000000e+00,0.000000000000000000e+00,0.000000000000000000e+00,0.000000000000000000e+00,6.879974004434478985e-02,0.000000000000000000e+00,5.946791492881351587e-02,5.811613234194451527e-02,0.000000000000000000e+00,0.000000000000000000e+00,6.734966896430882866e-02
0.000000000000000000e+00,0.000000000000000000e+00,2.700056389885042707e-01,0.000000000000000000e+00,0.000000000000000000e+00,0.000000000000000000e+00,0.000000000000000000e+00,0.000000000000000000e+00,0.000000000000000000e+00,0.000000000000000000e+00,0.000000000000000000e+00,0.000000000000000000e+00,0.000000000000000000e+00,8.861603886266158914e-02,0.000000000000000000e+00,0.000000000000000000e+00,0.000000000000000000e+00,0.000000000000000000e+00,0.000000000000000000e+00,0.000000000000000000e+00
0.000000000000000000e+00,0.000000000000000000e+00,0.000000000000000000e+00,7.964660947789259371e-02,0.000000000000000000e+00,4.759372685956583804e-01,0.000000000000000000e+00,0.000000000000000000e+00,0.000000000000000000e+00,0.000000000000000000e+00,0.000000000000000000e+00,0.000000000000000000e+00,0.000000000000000000e+00,1.748987742680587765e-01,0.000000000000000000e+00,0.000000000000000000e+00,0.000000000000000000e+00,0.000000000000000000e+00,0.000000000000000000e+00,0.000000000000000000e+00
7.774575170267111757e-02,0.000000000000000000e+00,0.000000000000000000e+00,0.000000000000000000e+00,4.335003082705967542e-02,2.323385861929986446e-02,0.000000000000000000e+00,0.000000000000000000e+00,0.000000000000000000e+00,0.000000000000000000e+00,4.312083901684843346e-02,0.000000000000000000e+00,0.000000000000000000e+00,0.000000000000000000e+00,0.000000000000000000e+00,0.000000000000000000e+00,0.000000000000000000e+00,0.000000000000000000e+00,0.000000000000000000e+00,0.000000000000000000e+00
0.000000000000000000e+00,0.000000000000000000e+00,2.842544771374408419e-02,0.000000000000000000e+00,1.174268182501628580e-02,0.000000000000000000e+00,0.000000000000000000e+00,0.000000000000000000e+00,0.000000000000000000e+00,0.000000000000000000e+00,0.000000000000000000e+00,0.000000000000000000e+00,1.103966090155955072e-02,0.000000000000000000e+00,5.732527628638121042e-01,4.688236782923266288e-02,0.000000000000000000e+00,0.000000000000000000e+00,0.000000000000000000e+00,0.000000000000000000e+00
0.000000000000000000e+00,0.000000000000000000e+00,0.000000000000000000e+00,2.298091880730221415e-01,5.248845593294568235e-02,0.000000000000000000e+00,0.000000000000000000e+00,0.000000000000000000e+00,2.736117924023145562e-02,0.000000000000000000e+00,0.000000000000000000e+00,0.000000000000000000e+00,0.000000000000000000e+00,0.000000000000000000e+00,0.000000000000000000e+00,6.400468503659406672e-02,3.974596136882614650e-02,1.061864381568052712e-01,1.284214614556570266e-01,1.063087598691331986e-01
0.000000000000000000e+00,0.000000000000000000e+00,0.000000000000000000e+00,0.000000000000000000e+00,0.000000000000000000e+00,0.000000000000000000e+00,0.000000000000000000e+00,3.085335299358497041e-01,0.000000000000000000e+00,1.915942235199316890e-01,0.000000000000000000e+00,0.000000000000000000e+00,0.000000000000000000e+00,1.224626758685979921e-01,0.000000000000000000e+00,0.000000000000000000e+00,0.000000000000000000e+00,0.000000000000000000e+00,5.489609231304970471e-01,0.000000000000000000e+00
0.000000000000000000e+00,0.000000000000000000e+00,0.000000000000000000e+00,0.000000000000000000e+00,0.000000000000000000e+00,0.000000000000000000e+00,0.000000000000000000e+00,0.000000000000000000e+00,0.000000000000000000e+00,0.000000000000000000e+00,0.000000000000000000e+00,0.000000000000000000e+00,1.812018575908244389e-01,0.000000000000000000e+00,0.000000000000000000e+00,0.000000000000000000e+00,0.000000000000000000e+00,0.000000000000000000e+00,0.000000000000000000e+00,0.000000000000000000e+00
8.326667901341901212e-02,0.000000000000000000e+00,0.000000000000000000e+00,0.000000000000000000e+00,0.000000000000000000e+00,1.691468663792178306e-02,0.000000000000000000e+00,0.000000000000000000e+00,0.000000000000000000e+00,0.000000000000000000e+00,0.000000000000000000e+00,4.426007320198668132e-02,0.000000000000000000e+00,0.000000000000000000e+00,1.004964482101028539e-01,1.243804072957831186e-02,0.000000000000000000e+00,0.000000000000000000e+00,0.000000000000000000e+00,1.194784017863787795e-01
0.000000000000000000e+00,0.000000000000000000e+00,0.000000000000000000e+00,0.000000000000000000e+00,9.437727386796915252e-02,0.000000000000000000e+00,0.000000000000000000e+00,0.000000000000000000e+00,0.000000000000000000e+00,0.000000000000000000e+00,2.066927723504287731e-02,8.832259855962065406e-03,0.000000000000000000e+00,0.000000000000000000e+00,1.488553022931898284e-01,0.000000000000000000e+00,0.000000000000000000e+00,0.000000000000000000e+00,2.064055815529192428e-01,0.000000000000000000e+00
0.000000000000000000e+00,0.000000000000000000e+00,0.000000000000000000e+00,0.000000000000000000e+00,0.000000000000000000e+00,1.857701306681594777e-01,0.000000000000000000e+00,0.000000000000000000e+00,0.000000000000000000e+00,0.000000000000000000e+00,5.732527628638121042e-01,0.000000000000000000e+00,0.000000000000000000e+00,0.000000000000000000e+00,0.000000000000000000e+00,4.893108191789109496e-01,0.000000000000000000e+00,1.044306500434301066e-01,4.398080205884789540e-01,3.152128494158037975e-02
0.000000000000000000e+00,0.000000000000000000e+00,0.000000000000000000e+00,0.000000000000000000e+00,0.000000000000000000e+00,0.000000000000000000e+00,0.000000000000000000e+00,0.000000000000000000e+00,0.000000000000000000e+00,0.000000000000000000e+00,0.000000000000000000e+00,0.000000000000000000e+00,0.000000000000000000e+00,0.000000000000000000e+00,0.000000000000000000e+00,0.000000000000000000e+00,0.000000000000000000e+00,6.576183854157505171e-02,0.000000000000000000e+00,0.000000000000000000e+00
0.000000000000000000e+00,0.000000000000000000e+00,0.000000000000000000e+00,0.000000000000000000e+00,0.000000000000000000e+00,0.000000000000000000e+00,0.000000000000000000e+00,0.000000000000000000e+00,1.483907266338992765e-03,0.000000000000000000e+00,0.000000000000000000e+00,0.000000000000000000e+00,0.000000000000000000e+00,0.000000000000000000e+00,0.000000000000000000e+00,0.000000000000000000e+00,0.000000000000000000e+00,0.000000000000000000e+00,0.000000000000000000e+00,0.000000000000000000e+00
0.000000000000000000e+00,2.550366289587261415e-01,0.000000000000000000e+00,0.000000000000000000e+00,0.000000000000000000e+00,0.000000000000000000e+00,0.000000000000000000e+00,0.000000000000000000e+00,0.000000000000000000e+00,0.000000000000000000e+00,0.000000000000000000e+00,0.000000000000000000e+00,0.000000000000000000e+00,0.000000000000000000e+00,0.000000000000000000e+00,0.000000000000000000e+00,0.000000000000000000e+00,0.000000000000000000e+00,0.000000000000000000e+00,0.000000000000000000e+00
4.190710238369412810e-01,0.000000000000000000e+00,0.000000000000000000e+00,0.000000000000000000e+00,0.000000000000000000e+00,1.088019635091687642e-01,0.000000000000000000e+00,5.390447164157714105e-02,0.000000000000000000e+00,0.000000000000000000e+00,0.000000000000000000e+00,0.000000000000000000e+00,7.304333736485500717e-02,0.000000000000000000e+00,0.000000000000000000e+00,4.916635619853025607e-02,0.000000000000000000e+00,7.772605635289163428e-02,0.000000000000000000e+00,0.000000000000000000e+00
0.000000000000000000e+00,0.000000000000000000e+00,0.000000000000000000e+00,0.000000000000000000e+00,0.000000000000000000e+00,0.000000000000000000e+00,0.000000000000000000e+00,0.000000000000000000e+00,0.000000000000000000e+00,0.000000000000000000e+00,0.000000000000000000e+00,0.000000000000000000e+00,0.000000000000000000e+00,0.000000000000000000e+00,0.000000000000000000e+00,0.000000000000000000e+00,5.171169355845210702e-02,0.000000000000000000e+00,0.000000000000000000e+00,3.861752164369058327e-01
0.000000000000000000e+00,1.207425843811068961e-01,0.000000000000000000e+00,0.000000000000000000e+00,0.000000000000000000e+00,0.000000000000000000e+00,0.000000000000000000e+00,3.321073807539532546e-02,0.000000000000000000e+00,0.000000000000000000e+00,0.000000000000000000e+00,3.032787938943292683e-01,0.000000000000000000e+00,0.000000000000000000e+00,0.000000000000000000e+00,0.000000000000000000e+00,1.148408991449688249e-01,0.000000000000000000e+00,0.000000000000000000e+00,0.000000000000000000e+00
0.000000000000000000e+00,0.000000000000000000e+00,0.000000000000000000e+00,0.000000000000000000e+00,0.000000000000000000e+00,1.254024248450880952e-01,0.000000000000000000e+00,0.000000000000000000e+00,0.000000000000000000e+00,9.131509105480491162e-02,0.000000000000000000e+00,2.247128565890622043e-01,5.250948303464635092e-02,0.000000000000000000e+00,0.000000000000000000e+00,0.000000000000000000e+00,0.000000000000000000e+00,0.000000000000000000e+00,0.000000000000000000e+00,2.444514389397595411e-01
0.000000000000000000e+00,0.000000000000000000e+00,0.000000000000000000e+00,0.000000000000000000e+00,2.111602256588659132e-01,8.579301454231852420e-02,0.000000000000000000e+00,1.094365751358005040e-01,1.680221787774239528e-01,0.000000000000000000e+00,0.000000000000000000e+00,0.000000000000000000e+00,0.000000000000000000e+00,0.000000000000000000e+00,5.730256193066345788e-02,0.000000000000000000e+00,0.000000000000000000e+00,0.000000000000000000e+00,0.000000000000000000e+00,0.000000000000000000e+00
0.000000000000000000e+00,2.420872504116355628e-01,0.000000000000000000e+00,2.225421299745148629e-01,0.000000000000000000e+00,0.000000000000000000e+00,0.000000000000000000e+00,0.000000000000000000e+00,0.000000000000000000e+00,1.521164338554383726e-03,1.094553728884923999e-01,0.000000000000000000e+00,0.000000000000000000e+00,0.000000000000000000e+00,0.000000000000000000e+00,0.000000000000000000e+00,4.789015980025908281e-02,0.000000000000000000e+00,0.000000000000000000e+00,9.846704614005928613e-02
0.000000000000000000e+00,8.156226121733305412e-01,0.000000000000000000e+00,0.000000000000000000e+00,9.565690117705127893e-02,0.000000000000000000e+00,0.000000000000000000e+00,0.000000000000000000e+00,5.146431256229747758e-02,0.000000000000000000e+00,0.000000000000000000e+00,1.857718751099254884e-01,0.000000000000000000e+00,0.000000000000000000e+00,3.137134533987544216e-02,0.000000000000000000e+00,0.000000000000000000e+00,0.000000000000000000e+00,0.000000000000000000e+00,0.000000000000000000e+00
2.898546222957099506e-03,0.000000000000000000e+00,0.000000000000000000e+00,0.000000000000000000e+00,0.000000000000000000e+00,0.000000000000000000e+00,0.000000000000000000e+00,0.000000000000000000e+00,0.000000000000000000e+00,0.000000000000000000e+00,0.000000000000000000e+00,8.763835960594327373e-03,0.000000000000000000e+00,0.000000000000000000e+00,0.000000000000000000e+00,0.000000000000000000e+00,0.000000000000000000e+00,0.000000000000000000e+00,2.705457469669251824e-01,0.000000000000000000e+00
4.250219224626047149e-02,0.000000000000000000e+00,0.000000000000000000e+00,0.000000000000000000e+00,6.796764856149588134e-03,0.000000000000000000e+00,0.000000000000000000e+00,4.236425355984703711e-01,0.000000000000000000e+00,9.573858444454957928e-02,0.000000000000000000e+00,0.000000000000000000e+00,0.000000000000000000e+00,0.000000000000000000e+00,0.000000000000000000e+00,0.000000000000000000e+00,0.000000000000000000e+00,0.000000000000000000e+00,0.000000000000000000e+00,0.000000000000000000e+00
0.000000000000000000e+00,0.000000000000000000e+00,0.000000000000000000e+00,0.000000000000000000e+00,0.000000000000000000e+00,0.000000000000000000e+00,0.000000000000000000e+00,1.732557416795604543e-01,0.000000000000000000e+00,0.000000000000000000e+00,0.000000000000000000e+00,0.000000000000000000e+00,0.000000000000000000e+00,0.000000000000000000e+00,0.000000000000000000e+00,3.087705667931552878e-01,0.000000000000000000e+00,2.646649228377680879e-02,0.000000000000000000e+00,0.000000000000000000e+00
0.000000000000000000e+00,0.000000000000000000e+00,0.000000000000000000e+00,0.000000000000000000e+00,0.000000000000000000e+00,0.000000000000000000e+00,0.000000000000000000e+00,5.605644378111227649e-02,0.000000000000000000e+00,0.000000000000000000e+00,0.000000000000000000e+00,0.000000000000000000e+00,0.000000000000000000e+00,0.000000000000000000e+00,1.810313056678450050e-01,0.000000000000000000e+00,9.850112555178383578e-02,0.000000000000000000e+00,0.000000000000000000e+00,0.000000000000000000e+00
1.537017155938223689e-01,0.000000000000000000e+00,9.727240068836000980e-03,1.098173377025465358e-01,0.000000000000000000e+00,0.000000000000000000e+00,0.000000000000000000e+00,0.000000000000000000e+00,0.000000000000000000e+00,0.000000000000000000e+00,0.000000000000000000e+00,0.000000000000000000e+00,5.323820673463730557e-02,0.000000000000000000e+00,0.000000000000000000e+00,0.000000000000000000e+00,0.000000000000000000e+00,0.000000000000000000e+00,0.000000000000000000e+00,0.000000000000000000e+00
0.000000000000000000e+00,0.000000000000000000e+00,1.514202191104683237e-01,4.096010750860714505e-02,0.000000000000000000e+00,1.587679860143749455e-01,0.000000000000000000e+00,0.000000000000000000e+00,0.000000000000000000e+00,0.000000000000000000e+00,0.000000000000000000e+00,4.101698889269154991e-02,0.000000000000000000e+00,2.738576747907233710e-01,0.000000000000000000e+00,0.000000000000000000e+00,0.000000000000000000e+00,0.000000000000000000e+00,0.000000000000000000e+00,1.194087392355791186e-02
0.000000000000000000e+00,0.000000000000000000e+00,0.000000000000000000e+00,0.000000000000000000e+00,6.139231328194431903e-02,0.000000000000000000e+00,0.000000000000000000e+00,0.000000000000000000e+00,2.693446620968499849e-01,0.000000000000000000e+00,0.000000000000000000e+00,7.969641335714105351e-03,0.000000000000000000e+00,0.000000000000000000e+00,0.000000000000000000e+00,7.879875607866826392e-02,0.000000000000000000e+00,0.000000000000000000e+00,0.000000000000000000e+00,5.623640009769786258e-02
0.000000000000000000e+00,7.209608159988458720e-01,0.000000000000000000e+00,9.682389742812332056e-02,0.000000000000000000e+00,0.000000000000000000e+00,0.000000000000000000e+00,0.000000000000000000e+00,0.000000000000000000e+00,0.000000000000000000e+00,0.000000000000000000e+00,0.000000000000000000e+00,0.000000000000000000e+00,0.000000000000000000e+00,0.000000000000000000e+00,0.000000000000000000e+00,0.000000000000000000e+00,0.000000000000000000e+00,0.000000000000000000e+00,0.000000000000000000e+00
0.000000000000000000e+00,0.000000000000000000e+00,5.732527628638121042e-01,0.000000000000000000e+00,3.882146217522829557e-03,4.893108191789109496e-01,0.000000000000000000e+00,0.000000000000000000e+00,0.000000000000000000e+00,0.000000000000000000e+00,0.000000000000000000e+00,4.893108191789109496e-01,0.000000000000000000e+00,0.000000000000000000e+00,8.441562254709777946e-02,0.000000000000000000e+00,0.000000000000000000e+00,0.000000000000000000e+00,0.000000000000000000e+00,7.918346645358585734e-02
0.000000000000000000e+00,0.000000000000000000e+00,0.000000000000000000e+00,0.000000000000000000e+00,6.240013162410376624e-02,0.000000000000000000e+00,0.000000000000000000e+00,0.000000000000000000e+00,0.000000000000000000e+00,0.000000000000000000e+00,1.492573968249238658e-01,0.000000000000000000e+00,0.000000000000000000e+00,1.212264262179835600e-01,0.000000000000000000e+00,0.000000000000000000e+00,0.000000000000000000e+00,0.000000000000000000e+00,0.000000000000000000e+00,0.000000000000000000e+00
0.000000000000000000e+00,0.000000000000000000e+00,0.000000000000000000e+00,0.000000000000000000e+00,0.000000000000000000e+00,0.000000000000000000e+00,0.000000000000000000e+00,0.000000000000000000e+00,0.000000000000000000e+00,0.000000000000000000e+00,0.000000000000000000e+00,0.000000000000000000e+00,2.411145319639086959e-01,0.000000000000000000e+00,0.000000000000000000e+00,3.304200652387998677e-02,0.000000000000000000e+00,5.885098387750969245e-02,0.000000000000000000e+00,7.980443402760982463e-02
0.000000000000000000e+00,0.000000000000000000e+00,0.000000000000000000e+00,0.000000000000000000e+00,0.000000000000000000e+00,0.000000000000000000e+00,1.278132031335013352e-01,0.000000000000000000e+00,0.000000000000000000e+00,0.000000000000000000e+00,0.000000000000000000e+00,0.000000000000000000e+00,0.000000000000000000e+00,0.000000000000000000e+00,0.000000000000000000e+00,0.000000000000000000e+00,1.232032285128673160e-01,0.000000000000000000e+00,0.000000000000000000e+00,0.000000000000000000e+00
0.000000000000000000e+00,0.000000000000000000e+00,2.579800124494415758e-01,0.000000000000000000e+00,1.073934520123617370e-01,0.000000000000000000e+00,0.000000000000000000e+00,0.000000000000000000e+00,0.000000000000000000e+00,0.000000000000000000e+00,9.165923577459444277e-03,0.000000000000000000e+00,0.000000000000000000e+00,0.000000000000000000e+00,0.000000000000000000e+00,0.000000000000000000e+00,0.000000000000000000e+00,0.000000000000000000e+00,0.000000000000000000e+00,0.000000000000000000e+00
0.000000000000000000e+00,0.000000000000000000e+00,0.000000000000000000e+00,0.000000000000000000e+00,1.875995501602221172e-01,0.000000000000000000e+00,3.611361000700730739e-01,1.498579733059457741e-01,0.000000000000000000e+00,0.000000000000000000e+00,5.192344191380068169e-02,0.000000000000000000e+00,0.000000000000000000e+00,0.000000000000000000e+00,0.000000000000000000e+00,0.000000000000000000e+00,0.000000000000000000e+00,0.000000000000000000e+00,3.148018866127903770e-02,0.000000000000000000e+00
1.815105330420859961e-02,5.732527628638121042e-01,0.000000000000000000e+00,1.199214302843646940e-01,0.000000000000000000e+00,2.746887605127912857e-01,0.000000000000000000e+00,2.289300118185931265e-01,0.000000000000000000e+00,8.793608250410092642e-02,0.000000000000000000e+00,0.000000000000000000e+00,2.237866743155464133e-01,0.000000000000000000e+00,0.000000000000000000e+00,0.000000000000000000e+00,0.000000000000000000e+00,0.000000000000000000e+00,0.000000000000000000e+00,0.000000000000000000e+00
1.056221851233283271e-01,7.405337682863015469e-02,0.000000000000000000e+00,6.384227758164912059e-02,0.000000000000000000e+00,0.000000000000000000e+00,0.000000000000000000e+00,1.596414234925289388e-01,0.000000000000000000e+00,0.000000000000000000e+00,5.367860130845984040e-02,0.000000000000000000e+00,0.000000000000000000e+00,0.000000000000000000e+00,0.000000000000000000e+00,0.000000000000000000e+00,0.000000000000000000e+00,0.000000000000000000e+00,0.000000000000000000e+00,0.000000000000000000e+00
1.418114197900477783e-02,0.000000000000000000e+00,7.907887982161226903e-02,0.000000000000000000e+00,1.930783798750236036e-01,0.000000000000000000e+00,0.000000000000000000e+00,0.000000000000000000e+00,0.000000000000000000e+00,0.000000000000000000e+00,0.000000000000000000e+00,0.000000000000000000e+00,1.626994190258903780e-02,0.000000000000000000e+00,0.000000000000000000e+00,0.000000000000000000e+00,0.000000000000000000e+00,0.000000000000000000e+00,0.000000000000000000e+00,0.000000000000000000e+00
0.000000000000000000e+00,1.032341441987555536e-01,0.000000000000000000e+00,0.000000000000000000e+00,0.000000000000000000e+00,0.000000000000000000e+00,1.814074321537561402e-02,0.000000000000000000e+00,6.152723107918515837e-03,3.916322617650048188e-01,0.000000000000000000e+00,0.000000000000000000e+00,0.000000000000000000e+00,0.000000000000000000e+00,0.000000000000000000e+00,0.000000000000000000e+00,0.000000000000000000e+00,0.000000000000000000e+00,0.000000000000000000e+00,5.591770546402134723e-02
4.904520068634871804e-02,0.000000000000000000e+00,9.709621912344185146e-02,0.000000000000000000e+00,0.000000000000000000e+00,2.365029348914296156e-02,0.000000000000000000e+00,0.000000000000000000e+00,0.000000000000000000e+00,0.000000000000000000e+00,0.000000000000000000e+00,0.000000000000000000e+00,0.000000000000000000e+00,0.000000000000000000e+00,0.000000000000000000e+00,0.000000000000000000e+00,0.000000000000000000e+00,7.076960857016553752e-02,0.000000000000000000e+00,0.000000000000000000e+00
0.000000000000000000e+00,0.000000000000000000e+00,0.000000000000000000e+00,0.000000000000000000e+00,0.000000000000000000e+00,3.141757097627516648e-01,0.000000000000000000e+00,0.000000000000000000e+00,0.000000000000000000e+00,1.218277280971050286e-01,0.000000000000000000e+00,0.000000000000000000e+00,0.000000000000000000e+00,4.083209211983031273e-02,0.000000000000000000e+00,0.000000000000000000e+00,0.000000000000000000e+00,0.000000000000000000e+00,0.000000000000000000e+00,0.000000000000000000e+00
9.117709577389640496e-02,0.000000000000000000e+00,7.644806385211734556e-02,0.000000000000000000e+00,0.000000000000000000e+00,0.000000000000000000e+00,0.000000000000000000e+00,0.000000000000000000e+00,0.000000000000000000e+00,0.000000000000000000e+00,0.000000000000000000e+00,0.000000000000000000e+00,0.000000000000000000e+00,0.000000000000000000e+00,0.000000000000000000e+00,5.732527628638121042e-01,1.939838097508837234e-01,0.000000000000000000e+00,1.683659707542591033e-01,0.000000000000000000e+00
0.000000000000000000e+00,0.000000000000000000e+00,6.110477821070017107e-02,0.000000000000000000e+00,0.000000000000000000e+00,0.000000000000000000e+00,2.705457469669251824e-01,1.211630423962191810e-01,0.000000000000000000e+00,0.000000000000000000e+00,0.000000000000000000e+00,0.000000000000000000e+00,0.000000000000000000e+00,0.000000000000000000e+00,0.000000000000000000e+00,0.000000000000000000e+00,0.000000000000000000e+00,0.000000000000000000e+00,0.000000000000000000e+00,0.000000000000000000e+00
0.000000000000000000e+00,0.000000000000000000e+00,0.000000000000000000e+00,0.000000000000000000e+00,0.000000000000000000e+00,0.000000000000000000e+00,0.000000000000000000e+00,0.000000000000000000e+00,0.000000000000000000e+00,0.000000000000000000e+00,1.750040948177900568e-01,0.000000000000000000e+00,0.000000000000000000e+00,0.000000000000000000e+00,0.000000000000000000e+00,0.000000000000000000e+00,0.000000000000000000e+00,0.000000000000000000e+00,0.000000000000000000e+00,0.000000000000000000e+00
0.000000000000000000e+00,0.000000000000000000e+00,1.337567711435013740e-01,0.000000000000000000e+00,0.000000000000000000e+00,0.000000000000000000e+00,0.000000000000000000e+00,0.000000000000000000e+00,1.171298647408431787e-01,0.000000000000000000e+00,0.000000000000000000e+00,1.205800319749583821e-01,7.706483927463680939e-02,0.000000000000000000e+00,0.000000000000000000e+00,0.000000000000000000e+00,0.000000000000000000e+00,0.000000000000000000e+00,0.000000000000000000e+00,0.000000000000000000e+00
0.000000000000000000e+00,0.000000000000000000e+00,0.000000000000000000e+00,0.000000000000000000e+00,0.000000000000000000e+00,2.813451145407730794e-03,0.000000000000000000e+00,0.000000000000000000e+00,0.000000000000000000e+00,0.000000000000000000e+00,5.732527628638121042e-01,0.000000000000000000e+00,0.000000000000000000e+00,0.000000000000000000e+00,0.000000000000000000e+00,0.000000000000000000e+00,8.833021557246448774e-01,0.000000000000000000e+00,2.247128565890622043e-01,0.000000000000000000e+00
0.000000000000000000e+00,0.000000000000000000e+00,8.529317987941648083e-02,0.000000000000000000e+00,0.000000000000000000e+00,0.000000000000000000e+00,0.000000000000000000e+00,0.000000000000000000e+00,0.000000000000000000e+00,0.000000000000000000e+00,0.000000000000000000e+00,0.000000000000000000e+00,0.000000000000000000e+00,0.000000000000000000e+00,0.000000000000000000e+00,1.363472859143759555e-02,0.000000000000000000e+00,5.939293439737342029e-02,6.911803275774116573e-01,0.000000000000000000e+00
4.335790631677974849e-01,0.000000000000000000e+00,0.000000000000000000e+00,0.000000000000000000e+00,0.000000000000000000e+00,0.000000000000000000e+00,0.000000000000000000e+00,2.324586143545723238e-01,0.000000000000000000e+00,0.000000000000000000e+00,2.493811128676255984e-01,0.000000000000000000e+00,8.700356588454530304e-02,0.000000000000000000e+00,1.423268758785322941e-01,0.000000000000000000e+00,0.000000000000000000e+00,0.000000000000000000e+00,6.451363403413032035e-03,0.000000000000000000e+00
0.000000000000000000e+00,0.000000000000000000e+00,4.332215623371131474e-02,0.000000000000000000e+00,0.000000000000000000e+00,0.000000000000000000e+00,0.000000000000000000e+00,0.000000000000000000e+00,0.000000000000000000e+00,1.612152332183162950e-01,0.000000000000000000e+00,0.000000000000000000e+00,0.000000000000000000e+00,1.209237931263361376e-02,5.732527628638121042e-01,0.000000000000000000e+00,1.042342766959730438e-01,2.559426527623842595e-01,0.000000000000000000e+00,0.000000000000000000e+00
1.575428755047388052e-01,0.000000000000000000e+00,0.000000000000000000e+00,4.673149135289440120e-02,0.000000000000000000e+00,0.000000000000000000e+00,0.000000000000000000e+00,0.000000000000000000e+00,0.000000000000000000e+00,0.000000000000000000e+00,1.571779889833282151e-01,0.000000000000000000e+00,0.000000000000000000e+00,0.000000000000000000e+00,0.000000000000000000e+00,2.197818903349985920e-01,0.000000000000000000e+00,0.000000000000000000e+00,0.000000000000000000e+00,1.238973443707357541e-01
0.000000000000000000e+00,0.000000000000000000e+00,0.000000000000000000e+00,0.000000000000000000e+00,7.207234321924352316e-02,9.627057069018400970e-01,0.000000000000000000e+00,0.000000000000000000e+00,0.000000000000000000e+00,0.000000000000000000e+00,0.000000000000000000e+00,0.000000000000000000e+00,0.000000000000000000e+00,0.000000000000000000e+00,0.000000000000000000e+00,0.000000000000000000e+00,1.168960357895070939e-01,1.093242507932256843e-02,0.000000000000000000e+00,0.000000000000000000e+00
8.256123965450894442e-01,0.000000000000000000e+00,2.173742175124693601e-02,7.962861938396396944e-03,0.000000000000000000e+00,0.000000000000000000e+00,0.000000000000000000e+00,0.000000000000000000e+00,5.999488909957918781e-02,0.000000000000000000e+00,0.000000000000000000e+00,0.000000000000000000e+00,0.000000000000000000e+00,0.000000000000000000e+00,0.000000000000000000e+00,0.000000000000000000e+00,0.000000000000000000e+00,4.236425355984703711e-01,0.000000000000000000e+00,0.000000000000000000e+00
0.000000000000000000e+00,0.000000000000000000e+00,0.000000000000000000e+00,0.000000000000000000e+00,4.514735803949553317e-01,0.000000000000000000e+00,0.000000000000000000e+00,1.426878214531473177e-01,0.000000000000000000e+00,0.000000000000000000e+00,0.000000000000000000e+00,0.000000000000000000e+00,0.000000000000000000e+00,0.000000000000000000e+00,1.387402311899997298e-01,2.839455588048556134e-02,0.000000000000000000e+00,0.000000000000000000e+00,2.380439863293615232e-02,0.000000000000000000e+00
0.000000000000000000e+00,1.031821506453713989e-02,0.000000000000000000e+00,0.000000000000000000e+00,4.210119926057521167e-01,0.000000000000000000e+00,0.000000000000000000e+00,0.000000000000000000e+00,0.000000000000000000e+00,0.000000000000000000e+00,0.000000000000000000e+00,0.000000000000000000e+00,0.000000000000000000e+00,0.000000000000000000e+00,0.000000000000000000e+00,2.385828954868847163e-01,0.000000000000000000e+00,0.000000000000000000e+00,0.000000000000000000e+00,0.000000000000000000e+00
0.000000000000000000e+00,0.000000000000000000e+00,0.000000000000000000e+00,0.000000000000000000e+00,0.000000000000000000e+00,0.000000000000000000e+00,0.000000000000000000e+00,0.000000000000000000e+00,0.000000000000000000e+00,0.000000000000000000e+00,2.842104616485395807e-01,0.000000000000000000e+00,0.000000000000000000e+00,0.000000000000000000e+00,0.000000000000000000e+00,0.000000000000000000e+00,1.017877264475246062e-02,8.452781079689437871e-02,7.717026578986409258e-02,0.000000000000000000e+00
0.000000000000000000e+00,2.825207834906202642e-01,0.000000000000000000e+00,3.999848572812737812e-02,0.000000000000000000e+00,0.000000000000000000e+00,0.000000000000000000e+00,3.570187593614990162e-01,0.000000000000000000e+00,0.000000000000000000e+00,0.000000000000000000e+00,0.000000000000000000e+00,0.000000000000000000e+00,0.000000000000000000e+00,0.000000000000000000e+00,0.000000000000000000e+00,0.000000000000000000e+00,0.000000000000000000e+00,0.000000000000000000e+00,0.000000000000000000e+00
0.000000000000000000e+00,0.000000000000000000e+00,0.000000000000000000e+00,0.000000000000000000e+00,2.684290050038105058e-01,2.361112689512037330e-02,0.000000000000000000e+00,0.000000000000000000e+00,0.000000000000000000e+00,0.000000000000000000e+00,0.000000000000000000e+00,0.000000000000000000e+00,0.000000000000000000e+00,0.000000000000000000e+00,0.000000000000000000e+00,3.305725131591503302e-02,0.000000000000000000e+00,9.823119787792915225e-02,0.000000000000000000e+00,6.251160634684341071e-03
0.000000000000000000e+00,0.000000000000000000e+00,1.576476875600951733e-02,0.000000000000000000e+00,0.000000000000000000e+00,0.000000000000000000e+00,2.627244948851307771e-01,0.000000000000000000e+00,0.000000000000000000e+00,0.000000000000000000e+00,4.278181725180271039e-02,0.000000000000000000e+00,4.755535303018667004e-01,0.000000000000000000e+00,0.000000000000000000e+00,0.000000000000000000e+00,2.357725289057867324e-01,0.000000000000000000e+00,0.000000000000000000e+00,0.000000000000000000e+00
0.000000000000000000e+00,0.000000000000000000e+00,0.000000000000000000e+00,0.000000000000000000e+00,9.884501163011381875e-02,0.000000000000000000e+00,4.236425355984703711e-01,0.000000000000000000e+00,0.000000000000000000e+00,0.000000000000000000e+00,0.000000000000000000e+00,0.000000000000000000e+00,0.000000000000000000e+00,0.000000000000000000e+00,0.000000000000000000e+00,0.000000000000000000e+00,0.000000000000000000e+00,1.206656249102381652e-02,0.000000000000000000e+00,0.000000000000000000e+00
0.000000000000000000e+00,0.000000000000000000e+00,0.000000000000000000e+00,0.000000000000000000e+00,0.000000000000000000e+00,0.000000000000000000e+00,0.000000000000000000e+00,0.000000000000000000e+00,8.306947492916620657e-02,0.000000000000000000e+00,6.661267312410866503e-02,0.000000000000000000e+00,0.000000000000000000e+00,0.000000000000000000e+00,0.000000000000000000e+00,7.612771232792839640e-03,7.860272092999792681e-02,0.000000000000000000e+00,7.014613146520641551e-02,2.050518659699907820e-01
0.000000000000000000e+00,9.553535390751505263e-02,0.000000000000000000e+00,0.000000000000000000e+00,0.000000000000000000e+00,7.672486654647404924e-02,1.594269152005763635e-01,0.000000000000000000e+00,0.000000000000000000e+00,0.000000000000000000e+00,0.000000000000000000e+00,0.000000000000000000e+00,0.000000000000000000e+00,0.000000000000000000e+00,0.000000000000000000e+00,0.000000000000000000e+00,0.000000000000000000e+00,0.000000000000000000e+00,2.825207834906202642e-01,0.000000000000000000e+00
0.000000000000000000e+00,2.861406904360257464e-01,0.000000000000000000e+00,4.741493437652211651e-01,0.000000000000000000e+00,0.000000000000000000e+00,2.790521431007114347e-02,9.603048534994602925e-02,0.000000000000000000e+00,1.227253013817266036e-01,0.000000000000000000e+00,8.682496801035191614e-02,0.000000000000000000e+00,0.000000000000000000e+00,0.000000000000000000e+00,1.337567711435013740e-01,0.000000000000000000e+00,0.000000000000000000e+00,0.000000000000000000e+00,0.000000000000000000e+00
0.000000000000000000e+00,5.251930834422614131e-02,0.000000000000000000e+00,0.000000000000000000e+00,0.000000000000000000e+00,0.000000000000000000e+00,1.271013803069944159e-01,0.000000000000000000e+00,4.278408185325076329e-02,0.000000000000000000e+00,0.000000000000000000e+00,1.563841977881154019e-02,0.000000000000000000e+00,0.000000000000000000e+00,1.148408422710404247e-02,0.000000000000000000e+00,0.000000000000000000e+00,0.000000000000000000e+00,0.000000000000000000e+00,0.000000000000000000e+00
0.000000000000000000e+00,0.000000000000000000e+00,0.000000000000000000e+00,0.000000000000000000e+00,0.000000000000000000e+00,1.618644951677348787e-01,0.000000000000000000e+00,0.000000000000000000e+00,8.385155187875960314e-02,0.000000000000000000e+00,0.000000000000000000e+00,0.000000000000000000e+00,0.000000000000000000e+00,0.000000000000000000e+00,0.000000000000000000e+00,0.000000000000000000e+00,1.193494461949815150e-01,0.000000000000000000e+00,1.340995451348609389e-02,2.416791482664383192e-02
0.000000000000000000e+00,0.000000000000000000e+00,0.000000000000000000e+00,0.000000000000000000e+00,0.000000000000000000e+00,6.973988886492177297e-02,0.000000000000000000e+00,0.000000000000000000e+00,0.000000000000000000e+00,0.000000000000000000e+00,0.000000000000000000e+00,0.000000000000000000e+00,0.000000000000000000e+00,0.000000000000000000e+00,0.000000000000000000e+00,0.000000000000000000e+00,0.000000000000000000e+00,0.000000000000000000e+00,0.000000000000000000e+00,1.282509212958876307e-02
1.719844906577496502e-01,0.000000000000000000e+00,2.057860235166139584e-01,0.000000000000000000e+00,0.000000000000000000e+00,1.355121213795134651e-02,0.000000000000000000e+00,0.000000000000000000e+00,1.899835359111761157e-01,0.000000000000000000e+00,0.000000000000000000e+00,0.000000000000000000e+00,0.000000000000000000e+00,0.000000000000000000e+00,0.000000000000000000e+00,0.000000000000000000e+00,1.528365036890083281e-02,6.622518836616597682e-02,0.000000000000000000e+00,0.000000000000000000e+00
0.000000000000000000e+00,0.000000000000000000e+00,0.000000000000000000e+00,0.000000000000000000e+00,0.000000000000000000e+00,0.000000000000000000e+00,0.000000000000000000e+00,0.000000000000000000e+00,0.000000000000000000e+00,0.000000000000000000e+00,0.000000000000000000e+00,0.000000000000000000e+00,1.551824409836343732e-01,0.000000000000000000e+00,0.000000000000000000e+00,6.824323955449190793e-02,6.409282670181505326e-01,0.000000000000000000e+00,1.020053441166417912e-02,0.000000000000000000e+00
0.000000000000000000e+00,0.000000000000000000e+00,0.000000000000000000e+00,0.000000000000000000e+00,0.000000000000000000e+00,0.000000000000000000e+00,0.000000000000000000e+00,0.000000000000000000e+00,0.000000000000000000e+00,0.000000000000000000e+00,0.000000000000000000e+00,0.000000000000000000e+00,0.000000000000000000e+00,0.000000000000000000e+00,1.195295299897150693e-01,0.000000000000000000e+00,1.000000000000000000e+00,0.000000000000000000e+00,0.000000000000000000e+00,0.000000000000000000e+00
0.000000000000000000e+00,0.000000000000000000e+00,0.000000000000000000e+00,0.000000000000000000e+00,0.000000000000000000e+00,0.000000000000000000e+00,0.000000000000000000e+00,0.000000000000000000e+00,9.321610869584978643e-02,1.079034575560631065e-01,3.286801812961778757e-01,0.000000000000000000e+00,0.000000000000000000e+00,0.000000000000000000e+00,0.000000000000000000e+00,1.660963696204846921e-02,0.000000000000000000e+00,0.000000000000000000e+00,0.000000000000000000e+00,0.000000000000000000e+00
0.000000000000000000e+00,0.000000000000000000e+00,8.187062012170225056e-02,3.872703352809832578e-01,0.000000000000000000e+00,0.000000000000000000e+00,0.000000000000000000e+00,0.000000000000000000e+00,0.000000000000000000e+00,0.000000000000000000e+00,3.057041536452338032e-02,0.000000000000000000e+00,0.000000000000000000e+00,3.547903963342763367e-02,0.000000000000000000e+00,9.871260317657515326e-02,0.000000000000000000e+00,0.000000000000000000e+00,0.000000000000000000e+00,0.000000000000000000e+00
0.000000000000000000e+00,0.000000000000000000e+00,0.000000000000000000e+00,0.000000000000000000e+00,0.000000000000000000e+00,0.000000000000000000e+00,0.000000000000000000e+00,0.000000000000000000e+00,0.000000000000000000e+00,0.000000000000000000e+00,0.000000000000000000e+00,0.000000000000000000e+00,0.000000000000000000e+00,0.000000000000000000e+00,0.000000000000000000e+00,0.000000000000000000e+00,0.000000000000000000e+00,0.000000000000000000e+00,0.000000000000000000e+00,0.000000000000000000e+00
0.000000000000000000e+00,0.000000000000000000e+00,0.000000000000000000e+00,0.000000000000000000e+00,0.000000000000000000e+00,0.000000000000000000e+00,5.839146533185800569e-01,0.000000000000000000e+00,0.000000000000000000e+00,8.608753934243065786e-02,1.015130034568696438e-01,0.000000000000000000e+00,0.000000000000000000e+00,0.000000000000000000e+00,0.000000000000000000e+00,0.000000000000000000e+00,0.000000000000000000e+00,3.012831232308414708e-02,0.000000000000000000e+00,0.000000000000000000e+00
0.000000000000000000e+00,0.000000000000000000e+00,9.633541841603629474e-03,0.000000000000000000e+00,0.000000000000000000e+00,0.000000000000000000e+00,0.000000000000000000e+00,0.000000000000000000e+00,0.000000000000000000e+00,0.000000000000000000e+00,0.000000000000000000e+00,2.654461209457646426e-03,1.011700073692303400e-02,1.027900338457910998e-02,0.000000000000000000e+00,3.488921047584142565e-01,8.774056732024597752e-03,0.000000000000000000e+00,0.000000000000000000e+00,0.000000000000000000e+00
1.130220728748434766e-01,0.000000000000000000e+00,7.697378942094587062e-01,0.000000000000000000e+00,0.000000000000000000e+00,7.977550927013055126e-02,0.000000000000000000e+00,0.000000000000000000e+00,0.000000000000000000e+00,0.000000000000000000e+00,0.000000000000000000e+00,0.000000000000000000e+00,0.000000000000000000e+00,1.144601693461570931e-02,0.000000000000000000e+00,0.000000000000000000e+00,0.000000000000000000e+00,1.030292226659447127e-02,8.968626496146347993e-02,6.272117980280447758e-03
0.000000000000000000e+00,8.846379469025499043e-02,0.000000000000000000e+00,1.192946048817901811e-01,0.000000000000000000e+00,0.000000000000000000e+00,0.000000000000000000e+00,0.000000000000000000e+00,1.738389495790804706e-01,3.579888169681303550e-02,0.000000000000000000e+00,7.146222471290682166e-02,0.000000000000000000e+00,0.000000000000000000e+00,0.000000000000000000e+00,0.000000000000000000e+00,9.251104571131317511e-02,2.920236034353264065e-01,0.000000000000000000e+00,0.000000000000000000e+00
0.000000000000000000e+00,0.000000000000000000e+00,0.000000000000000000e+00,3.353092734059656601e-03,0.000000000000000000e+00,0.000000000000000000e+00,1.470470281754599484e-01,0.000000000000000000e+00,0.000000000000000000e+00,0.000000000000000000e+00,0.000000000000000000e+00,0.000000000000000000e+00,2.736087346814322641e-01,0.000000000000000000e+00,0.000000000000000000e+00,0.000000000000000000e+00,0.000000000000000000e+00,0.000000000000000000e+00,0.000000000000000000e+00,0.000000000000000000e+00
9.428850320214147984e-02,0.000000000000000000e+00,2.331593206535313365e-02,0.000000000000000000e+00,0.000000000000000000e+00,5.211997163390440502e-01,0.000000000000000000e+00,0.000000000000000000e+00,0.000000000000000000e+00,0.000000000000000000e+00,6.903357652713994208e-02,0.000000000000000000e+00,0.000000000000000000e+00,0.000000000000000000e+00,0.000000000000000000e+00,3.442239706359175033e-02,0.000000000000000000e+00,0.000000000000000000e+00,0.000000000000000000e+00,2.636026042189162921e-01
0.000000000000000000e+00,0.000000000000000000e+00,0.000000000000000000e+00,3.495503933266070340e-01,0.000000000000000000e+00,0.000000000000000000e+00,0.000000000000000000e+00,0.000000000000000000e+00,6.977228912573441022e-02,0.000000000000000000e+00,1.223979369448792293e-01,0.000000000000000000e+00,0.000000000000000000e+00,0.000000000000000000e+00,0.000000000000000000e+00,0.000000000000000000e+00,0.000000000000000000e+00,0.000000000000000000e+00,0.000000000000000000e+00,0.000000000000000000e+00
0.000000000000000000e+00,0.000000000000000000e+00,0.000000000000000000e+00,0.000000000000000000e+00,0.000000000000000000e+00,1.065934593734317870e-01,0.000000000000000000e+00,0.000000000000000000e+00,0.000000000000000000e+00,1.118037371957210507e-01,3.768287437049621519e-02,0.000000000000000000e+00,6.283884838278754568e-03,0.000000000000000000e+00,2.631672980909524964e-02,0.000000000000000000e+00,0.000000000000000000e+00,0.000000000000000000e+00,0.000000000000000000e+00,0.000000000000000000e+00
2.125653303319141874e-01,8.337304562460987750e-03,0.000000000000000000e+00,0.000000000000000000e+00,3.917474224514028158e-01,0.000000000000000000e+00,2.420872504116355628e-01,0.000000000000000000e+00,0.000000000000000000e+00,0.000000000000000000e+00,8.992074611301519027e-02,0.000000000000000000e+00,0.000000000000000000e+00,0.000000000000000000e+00,0.000000000000000000e+00,0.000000000000000000e+00,0.000000000000000000e+00,0.000000000000000000e+00,0.000000000000000000e+00,0.000000000000000000e+00
0.000000000000000000e+00,0.000000000000000000e+00,0.000000000000000000e+00,0.000000000000000000e+00,0.000000000000000000e+00,0.000000000000000000e+00,8.461128443144769196e-02,0.000000000000000000e+00,0.000000000000000000e+00,0.000000000000000000e+00,0.000000000000000000e+00,1.089125618061476952e-01,0.000000000000000000e+00,0.000000000000000000e+00,0.000000000000000000e+00,0.000000000000000000e+00,0.000000000000000000e+00,0.000000000000000000e+00,0.000000000000000000e+00,0.000000000000000000e+00
0.000000000000000000e+00,1.364814257513660423e-01,1.604493076552946165e-02,0.000000000000000000e+00,0.000000000000000000e+00,0.000000000000000000e+00,3.097124766183102090e-02,0.000000000000000000e+00,0.000000000000000000e+00,0.000000000000000000e+00,0.000000000000000000e+00,0.000000000000000000e+00,0.000000000000000000e+00,0.000000000000000000e+00,2.705457469669251824e-01,0.000000000000000000e+00,7.509458139445608811e-03,0.000000000000000000e+00,0.000000000000000000e+00,0.000000000000000000e+00
0.000000000000000000e+00,5.719772645950897683e-02,0.000000000000000000e+00,0.000000000000000000e+00,0.000000000000000000e+00,0.000000000000000000e+00,0.000000000000000000e+00,0.000000000000000000e+00,0.000000000000000000e+00,0.000000000000000000e+00,2.280138909636033329e-01,0.000000000000000000e+00,1.459126160604948264e-01,0.000000000000000000e+00,0.000000000000000000e+00,0.000000000000000000e+00,0.000000000000000000e+00,1.580572819629483539e-01,0.000000000000000000e+00,0.000000000000000000e+00
0.000000000000000000e+00,0.000000000000000000e+00,1.049709069665955355e-02,0.000000000000000000e+00,0.000000000000000000e+00,0.000000000000000000e+00,0.000000000000000000e+00,0.000000000000000000e+00,0.000000000000000000e+00,0.000000000000000000e+00,0.000000000000000000e+00,0.000000000000000000e+00,0.000000000000000000e+00,2.398643421435498607e-02,0.000000000000000000e+00,0.000000000000000000e+00,4.493006683731739365e-02,0.000000000000000000e+00,6.994309804324000401e-02,0.000000000000000000e+00
0.000000000000000000e+00,0.000000000000000000e+00,0.000000000000000000e+00,0.000000000000000000e+00,1.811193007916803988e-01,0.000000000000000000e+00,9.684617462314458469e-02,8.487906551764956564e-02,0.000000000000000000e+00,0.000000000000000000e+00,0.000000000000000000e+00,0.000000000000000000e+00,0.000000000000000000e+00,0.000000000000000000e+00,0.000000000000000000e+00,0.000000000000000000e+00,0.000000000000000000e+00,0.000000000000000000e+00,0.000000000000000000e+00,0.000000000000000000e+00
0.000000000000000000e+00,0.000000000000000000e+00,0.000000000000000000e+00,0.000000000000000000e+00,4.087488977615642144e-02,0.000000000000000000e+00,1.008872745242222514e-02,0.000000000000000000e+00,0.000000000000000000e+00,0.000000000000000000e+00,0.000000000000000000e+00,0.000000000000000000e+00,0.000000000000000000e+00,3.341613628932806751e-02,9.251681898705778340e-02,0.000000000000000000e+00,0.000000000000000000e+00,0.000000000000000000e+00,0.000000000000000000e+00,0.000000000000000000e+00
0.000000000000000000e+00,0.000000000000000000e+00,0.000000000000000000e+00,8.336621183073884833e-02,0.000000000000000000e+00,5.732527628638121042e-01,0.000000000000000000e+00,0.000000000000000000e+00,1.351306280322891497e-02,0.000000000000000000e+00,0.000000000000000000e+00,0.000000000000000000e+00,0.000000000000000000e+00,0.000000000000000000e+00,0.000000000000000000e+00,0.000000000000000000e+00,0.000000000000000000e+00,0.000000000000000000e+00,0.000000000000000000e+00,0.000000000000000000e+00
0.000000000000000000e+00,1.053142100093647365e-01,0.000000000000000000e+00,0.000000000000000000e+00,0.000000000000000000e+00,1.475019535338643190e-02,0.000000000000000000e+00,0.000000000000000000e+00,0.000000000000000000e+00,1.364814257513660423e-01,0.000000000000000000e+00,1.697451360320257480e-02,0.000000000000000000e+00,1.179348020978907424e-01,0.000000000000000000e+00,1.271114538571530284e-01,8.533385102832852231e-02,4.272600432670972670e-01,1.177894865886416204e-01,0.000000000000000000e+00
0.000000000000000000e+00,1.242671867904335398e-01,3.185166930509735206e-01,0.000000000000000000e+00,0.000000000000000000e+00,0.000000000000000000e+00,0.000000000000000000e+00,0.000000000000000000e+00,0.000000000000000000e+00,7.716391602617896084e-02,1.745100650936634856e-01,1.042687048065105149e-01,5.644153580539073428e-02,0.000000000000000000e+00,0.000000000000000000e+00,0.000000000000000000e+00,3.337213621974657873e-01,0.000000000000000000e+00,0.000000000000000000e+00,0.000000000000000000e+00
0.000000000000000000e+00,9.614261000817436731e-02,0.000000000000000000e+00,0.000000000000000000e+00,0.000000000000000000e+00,0.000000000000000000e+00,0.000000000000000000e+00,0.000000000000000000e+00,3.815335816175784156e-02,0.000000000000000000e+00,6.709987936613341641e-02,0.000000000000000000e+00,0.000000000000000000e+00,0.000000000000000000e+00,0.000000000000000000e+00,0.000000000000000000e+00,0.000000000000000000e+00,4.396201125243185542e-02,0.000000000000000000e+00,0.000000000000000000e+00
2.078546517560350415e-01,0.000000000000000000e+00,0.000000000000000000e+00,0.000000000000000000e+00,0.000000000000000000e+00,0.000000000000000000e+00,2.684638775535069244e-01,0.000000000000000000e+00,0.000000000000000000e+00,9.310042398973055258e-03,0.000000000000000000e+00,0.000000000000000000e+00,0.000000000000000000e+00,0.000000000000000000e+00,0.000000000000000000e+00,0.000000000000000000e+00,0.000000000000000000e+00,0.000000000000000000e+00,0.000000000000000000e+00,0.000000000000000000e+00
1.246652373294685617e-02,0.000000000000000000e+00,0.000000000000000000e+00,0.000000000000000000e+00,0.000000000000000000e+00,0.000000000000000000e+00,4.893108191789109496e-01,0.000000000000000000e+00,0.000000000000000000e+00,7.993728785025749559e-03,0.000000000000000000e+00,0.000000000000000000e+00,1.293162415995900011e-02,0.000000000000000000e+00,0.000000000000000000e+00,0.000000000000000000e+00,0.000000000000000000e+00,0.000000000000000000e+00,0.000000000000000000e+00,1.597527578535514747e-01
8.357099267588820324e-02,0.000000000000000000e+00,0.000000000000000000e+00,0.000000000000000000e+00,0.000000000000000000e+00,0.000000000000000000e+00,0.000000000000000000e+00,6.701520166739503848e-02,0.000000000000000000e+00,0.000000000000000000e+00,0.000000000000000000e+00,4.236425355984703711e-01,0.000000000000000000e+00,0.000000000000000000e+00,0.000000000000000000e+00,0.000000000000000000e+00,0.000000000000000000e+00,0.000000000000000000e+00,0.000000000000000000e+00,0.000000000000000000e+00
